城市,编号
合肥,58321
安庆,58424
蚌埠,58221
亳州,58102
池州,58427
滁州,58236
阜阳,58203
淮北,58116
黄山,70931
淮南,58224
六安,58311
马鞍山,58336
宿州,58122
铜陵,58429
芜湖,58334
宣城,58433
福州,58847
钓鱼岛,71415
龙岩,58927
南平,58834
宁德,58846
莆田,58946
泉州,59131
三明,58828
厦门,59134
漳州,59126
兰州,52889
甘南,70248
陇南,60472
白银,52896
定西,52995
酒泉,52533
金昌,52675
嘉峪关,71129
临夏,52984
平凉,53915
庆阳,53923
天水,57006
武威,52679
张掖,52652
广州,59287
潮州,59312
东莞,59289
佛山,59288
河源,59293
惠州,59297
江门,59473
揭阳,59315
茂名,59659
梅州,59109
清远,59280
深圳,59493
汕尾,59501
汕头,59316
韶关,59082
阳江,59663
云浮,59471
湛江,59658
中山,71551
珠海,59488
肇庆,59278
南宁,59431
百色,59211
北海,59644
崇左,59425
防城港,59635
桂林,57957
贵港,59249
河池,59023
贺州,59065
来宾,59242
柳州,59046
钦州,59632
梧州,59265
玉林,59453
贵阳,57816
黔东南,57825
黔南,57827
安顺,57806
毕节,57707
六盘水,56693
黔西南,70148
铜仁,57741
遵义,57713
海口,59758
保亭,59945
白沙,59848
澄迈,59843
昌江,71946
东方,59838
儋州,59845
定安,59851
乐东,59940
陵水,59954
临高,59842
琼中,59849
琼海,59855
三沙,71444
三亚,59948
屯昌,59854
万宁,59951
文昌,59856
五指山,60651
石家庄,53698
保定,54602
沧州,54616
承德,54423
邯郸,53892
衡水,54702
廊坊,54515
秦皇岛,54449
唐山,54534
邢台,53798
张家口,54401
郑州,57083
安阳,53898
鹤壁,53990
济源,53978
焦作,53982
开封,57091
漯河,57186
洛阳,57073
南阳,57178
濮阳,54900
平顶山,71128
商丘,58005
三门峡,57051
许昌,57089
信阳,57297
新乡,53986
周口,57195
驻马店,57290
哈尔滨,50953
大兴安岭,50442
大庆,50842
黑河,50468
鹤岗,50775
鸡西,50978
佳木斯,50873
牡丹江,54094
七台河,50973
齐齐哈尔,50745
绥化,50853
双鸭山,50884
伊春,50774
武汉,57494
恩施,57447
鄂州,57496
黄石,58407
黄冈,57498
荆门,57377
荆州,57476
潜江,57475
神农架,57362
随州,57381
十堰,57252
天门,57483
孝感,57482
仙桃,57485
襄阳,57278
咸宁,57590
宜昌,57461
长沙,57687
湘西,60011
常德,57662
郴州,57972
衡阳,57872
怀化,57749
娄底,57763
黔阳,70356
邵阳,57766
湘潭,57773
永州,57865
益阳,57674
岳阳,57584
株洲,57780
张家界,57558
长春,54161
白山,54371
白城,50936
吉林,54172
辽源,54260
松原,50949
四平,54157
通化,54363
延边,71532
南京,58238
常州,58343
淮安,58141
连云港,58044
南通,58259
宿迁,58131
苏州,58357
泰州,58246
无锡,58354
徐州,58027
盐城,58151
扬州,58245
镇江,58248
南昌,58606
抚州,58617
赣州,57993
九江,58502
景德镇,58527
吉安,57799
萍乡,57786
上饶,58637
新余,57796
鹰潭,58627
宜春,57793
沈阳,54342
鞍山,54339
本溪,54346
朝阳,54433
大连,54662
丹东,54497
抚顺,54353
阜新,54237
葫芦岛,54453
锦州,54337
辽阳,54347
盘锦,54338
铁岭,54249
营口,54471
呼和浩特,53463
乌兰察布,60150
锡林郭勒,60149
阿拉善盟,60356
包头,53446
赤峰,54218
鄂尔多斯,71109
呼伦贝尔,71108
巴彦淖尔,60002
通辽,54135
乌海,53512
兴安盟,60001
银川,53614
固原,53817
石嘴山,53518
吴忠,53612
中卫,53704
西宁,52866
海西,71113
果洛,71729
海东,71727
海南,71728
海北,71112
黄南,71114
玉树,70552
济南,54823
滨州,54734
德州,54714
东营,54736
菏泽,54906
济宁,54915
聊城,54806
临沂,54938
青岛,54857
日照,54945
泰安,54827
潍坊,54843
威海,54774
烟台,54765
淄博,54830
枣庄,58024
太原,53772
长治,53882
大同,53487
晋中,71115
晋城,53976
临汾,53868
吕梁,71037
朔州,53578
忻州,53674
阳泉,53782
运城,53959
西安,57036
安康,57245
宝鸡,57016
汉中,57127
商洛,71031
铜川,53947
渭南,57045
咸阳,57048
杨凌,71199
延安,53845
榆林,53646
成都,56294
阿坝,56171
巴中,57313
德阳,56198
达州,57328
广安,57415
甘孜,56146
广元,57206
泸州,57602
乐山,56386
凉山,71118
眉山,56391
绵阳,56196
南充,57411
内江,57504
攀枝花,56666
遂宁,57405
宜宾,56492
雅安,56287
自贡,56396
资阳,56298
拉萨,55591
阿里,55437
昌都,56137
林芝,56312
那曲,70774
日喀则,55578
山南,55597
乌鲁木齐,51463
巴音郭楞,51656
克州,51704
阿拉尔,51730
阿勒泰,51076
阿克苏,51628
巴州,71708
博尔塔拉,71710
北屯,71714
博州,51238
昌吉,51368
和田,51828
哈密,52203
可克达拉,71717
克拉玛依,51243
昆玉市,72108
喀什,51709
双河,71716
石河子,51356
图木舒克,71712
铁门关,71715
吐鲁番,51573
塔城,51133
五家渠,71713
伊犁,71709
昆明,56778
迪庆,70908
西双版纳,60839
保山,56748
楚雄,56768
大理,56751
德宏,71126
红河,56975
丽江,56651
临沧,56951
怒江,71127
普洱,70887
曲靖,56783
文山,56994
玉溪,56875
昭通,56586
杭州,58457
湖州,58450
嘉兴,58452
金华,58549
丽水,58646
宁波,58465
衢州,58633
绍兴,58453
台州,58651
温州,58659
舟山,58477
包河,71873
巢湖,58326
长丰,70000
肥西,60765
肥东,70005
合肥高新技术产业开发区,72115
合肥经济技术开发区,72116
庐江,60622
庐阳,71871
蜀山,71872
瑶海,71870
安徽安庆经济开发区,72311
大观,71890
怀宁,60606
潜山,60603
宿松,60587
桐城,60318
太湖,61039
望江,60313
岳西,60605
迎江,71889
宜秀,71891
蚌山,71875
蚌埠市高新技术开发区,72110
蚌埠市经济开发区,72111
固镇,60600
怀远,60601
淮上,71877
龙子湖,71874
五河,60588
禹会,71876
涡阳,60595
利辛,60772
蒙城,60596
谯城,71896
东至,70003
贵池,71910
九华山,70008
青阳,60316
石台,60319
滁州经济技术开发区,72112
定远,60602
凤阳,60170
来安,60172
琅琊,71898
明光,60171
南谯,71899
全椒,60598
苏滁现代产业园,72118
天长,60599
阜南,60773
阜阳合肥现代产业园区,72113
阜阳经济技术开发区,72114
界首,60767
临泉,60597
太和,71571
颍上,60169
颍州,71893
颍东,71894
颍泉,71895
杜集,71900
烈山,71902
濉溪,70969
相山,71901
黄山区,71091
黄山风景区,71148
徽州,71897
祁门,60769
歙县,60768
屯溪,60314
休宁,60589
黟县,60590
潘集,71393
八公山,71885
大通,70523
凤台,70006
寿县,60593
田家庵,71883
谢家集,71884
霍山,60315
霍邱,60591
金寨,60713
金安,71907
舒城,60592
裕安,71908
叶集,71909
博望,71888
当涂,70002
和县,60770
含山,61040
花山,71886
雨山,71887
砀山,70001
灵璧,70932
泗县,70010
宿州经济技术开发区,72120
宿州马鞍山现代产业园区,72121
萧县,60771
埇桥,71892
郊区,71644
铜官,71903
义安,71904
枞阳,60604
繁昌,70004
镜湖,71878
鸠江,71880
南陵,60168
三山,71881
芜湖县,60585
无为,60594
芜湖经济技术开发区,72119
弋江,71879
广德,70007
泾县,60173
旌德,60174
绩溪,60586
郎溪,70009
宁国,60317
宣州,71906
宣城市经济开发区,72122
澳门,45011
氹仔岛,71292
路环岛,71293
北京,54511
昌平,60198
东城,71445
大兴,60205
丰台,71142
房山,60206
海淀,71144
怀柔,60207
门头沟,60246
密云,60247
平谷,60204
石景山,71143
顺义,60202
通州,71178
西城,71446
延庆,60199
长乐,60396
仓山,71913
福清,60084
鼓楼,71799
晋安,71915
连江,60004
罗源,60071
闽清,60073
闽侯,60301
马尾,71914
平潭,60302
台江,60633
永泰,60072
长汀,70017
连城,60873
上杭,60717
武平,60716
新罗,71929
永定,71976
漳平,60607
光泽,70021
建瓯,60080
建阳,60655
浦城,60654
邵武,60079
顺昌,60081
松溪,60705
武夷山,60082
延平,71932
政和,60900
福安,60398
福鼎,60401
古田,70022
蕉城,71921
屏南,60075
寿宁,60303
霞浦,60397
柘荣,60656
周宁,60703
城厢,71397
涵江,71394
荔城,71396
秀屿,71395
仙游,60076
秀屿港,70032
石狮,71237
安溪,70016
崇武,70018
德化,60653
丰泽,71924
惠安,71236
晋江,71149
金门,71922
鲤城,71923
洛江,71925
南安,60304
泉港,71926
永春,60085
大田,70019
将乐,70024
建宁,70025
明溪,70027
梅列,71930
宁化,60899
清流,60657
沙县,60400
三元,71931
泰宁,60714
永安,60083
尤溪,60715
海沧,71917
湖里,71918
集美,71919
思明,71916
同安,70030
翔安,71920
长泰,61002
东山,71518
华安,70023
龙海,60078
龙文,71928
南靖,70028
平和,70029
芗城,71927
云霄,60399
诏安,60702
漳浦,70034
安宁,60848
城关,71722
皋兰,71150
红古,71734
兰州新区,72124
七里河,71731
西固,71732
榆中,60468
永登,60473
迭部,70039
合作,71430
临潭,70058
碌曲,70060
玛曲,70061
夏河,70072
舟曲,60487
卓尼,70076
成县,60481
徽县,60482
康县,60483
礼县,60167
两当,70056
宕昌,70038
文县,70069
武都,71420
西和,70073
平川,71358
白银区,72123
会宁,70051
靖远,60334
景泰,60475
安定,71155
临洮,60166
陇西,60477
岷县,60479
通渭,60478
渭源,60469
漳县,70075
阿克塞,71355
玉门,71356
敦煌,60163
瓜州,71092
金塔,70054
肃北,60164
肃州,71738
玉门镇,70074
金川,70724
永昌,60471
积石山,71357
东乡,70470
广河,60485
和政,70046
康乐,70055
临夏市,72125
临夏县,72126
永靖,60484
崇信,70037
华亭,70050
泾川,70052
静宁,70053
崆峒,71153
灵台,70057
庄浪,60165
合水,60333
华池,70047
环县,70049
宁县,60476
庆城,71154
西峰,60161
正宁,60470
镇原,60480
甘谷,70042
麦积,71151
秦安,70065
清水,70066
秦州,71739
武山,70070
张家川,60474
古浪,70045
凉州,71735
民勤,70064
天祝,71152
高台,70044
甘州,71737
临泽,70059
民乐,70063
山丹,70067
肃南,70068
白云,70127
从化,70077
花都,60024
海珠,72024
黄埔,72027
荔湾,72022
南沙,72028
番禺,60025
天河,72025
越秀,72023
增城,60368
潮安,71278
饶平,60750
湘桥,72048
高明,71257
禅城,72042
南海,60060
三水,60059
顺德,60061
东源,71272
和平,71453
连平,60370
龙川,60371
源城,72045
紫金,60044
博罗,60047
惠东,60048
惠阳,71158
惠城,72029
龙门,60050
江海,71271
蓬江,71267
恩平,70082
鹤山,71785
开平,71626
台山,60056
新会,60055
揭东,71284
惠来,70087
揭西,60379
普宁,60245
榕城,72050
茂港,71285
电白,70081
高州,60377
化州,60664
茂南,72051
信宜,60053
大埔,70078
丰顺,70084
蕉岭,70088
梅县,71157
梅江,72030
平远,70096
五华,72052
兴宁,72063
清新,71274
佛冈,70085
连州,60372
连南,70090
连山,71591
清城,72046
英德,60045
阳山,60751
宝安,72038
福田,72036
光明区,72127
罗湖,72035
龙岗,72039
龙华区,72128
南山,71516
坪山区,72129
盐田,72040
陆河,71286
城区,72281
海丰,70086
陆丰,60373
潮阳,60665
澄海,70079
潮南,72034
濠江,72033
金平,60153
龙湖,72031
南澳,70094
武江,71254
浈江,71252
乐昌,70089
南雄,70095
曲江,71156
仁化,70097
乳源,70098
始兴,60046
翁源,60748
新丰,60369
阳东,71280
阳西,71281
江城,70867
阳春,60052
云安,71276
罗定,70092
新兴,71506
郁南,70103
云城,72047
赤坎,71258
麻章,71265
坡头,71261
霞山,71262
廉江,60054
雷州,60944
遂溪,71160
吴川,70101
徐闻,70102
金湾,71256
斗门,60058
香洲,72041
德庆,70080
端州,72043
鼎湖,72044
封开,70083
广宁,60374
高要,71161
怀集,60051
四会,60376
宾阳,70105
横县,60661
江南,72065
隆安,61001
良庆,72067
马山,70120
青秀,72064
上林,60993
武鸣,60023
西乡塘,72066
邕宁,60022
德保,60999
靖西,60756
隆林,60870
乐业,60998
凌云,61032
那坡,60871
平果,60758
田阳,60090
田东,60757
田林,61000
西林,71491
右江,72088
合浦,60662
海城,60125
铁山港,72094
银海,72093
涠洲岛,70125
大新,70108
扶绥,61042
江州,72068
龙州,70119
宁明,60995
凭祥,60996
天等,60994
东兴,71117
防城,70111
港口,72095
上思,60759
叠彩,72075
恭城,70113
灌阳,70114
荔浦,60088
临桂,60089
灵川,60700
龙胜,61031
平乐,60701
七星,72077
全州,60992
兴安,71517
象山,60178
秀峰,72074
永福,60623
阳朔,60087
雁山,72078
资源,60872
桂平,60663
港北,72083
港南,72084
平南,60033
覃塘,72085
大化,71231
巴马,70104
东兰,70109
都安,70110
凤山,70112
环江,61033
金城江,72091
罗城,61078
南丹,60645
天峨,60997
宜州,60032
八步,72082
富川,61093
平桂,72096
钟山,71983
昭平,61034
合山,71289
金秀,70115
武宣,61043
象州,60699
忻城,61081
兴宾,72073
城中,71724
鹿寨,60698
柳城,70117
柳江,70118
柳南,72071
柳北,72072
融水,60367
融安,61079
三江,61080
鱼峰,72070
灵山,70116
浦北,70122
钦南,72089
钦北,72090
岑溪,61082
苍梧,70107
长洲,72080
龙圩,72081
蒙山,70121
藤县,70124
万秀,72079
兴业,71416
北流,60760
博白,70106
福绵,72087
陆川,60761
容县,70123
玉州,72086
南明,71413
小河,71411
云岩,71412
观山湖,71979
花溪,60652
开阳,60429
清镇,60573
乌当,70159
息烽,60952
修文,60953
从江,70130
岑巩,70129
丹寨,70131
黄平,60636
锦屏,70140
剑河,70139
凯里 ,71431
黎平,60631
雷山,60632
麻江,60430
榕江,60635
三穗,60634
施秉,60578
天柱,60637
镇远,60579
长顺,61028
独山,60630
都匀,71423
福泉,60902
贵定,60954
惠水,70137
荔波,70141
龙里,70143
罗甸,70144
平塘,60901
三都,70149
瓮安,60903
关岭,70135
平坝,60577
普定,70147
西秀,71980
镇宁,70165
紫云,70167
大方,60583
赫章,70136
金沙,60584
纳雍,60581
黔西,60582
七星关,71982
威宁,60431
织金,70166
六枝,70142
盘州,60955
水城,71163
安龙,70126
册亨,70128
普安,70146
晴隆,71422
望谟,70156
兴仁,70160
兴义,71130
贞丰,70163
碧江,71981
德江,70133
江口,70138
石阡,70150
思南,70152
松桃,70153
万山,70157
印江,60580
沿河,61029
玉屏,61030
红花岗,71414
播州,71984
赤水,60576
道真,70132
凤冈,70134
汇川,71164
湄潭,70145
仁怀,60575
绥阳,70154
桐梓,70155
务川,70158
习水,70161
余庆,70162
遵义县,60574
正安,70164
龙华,72098
美兰,72100
琼山,72099
秀英,72097
中沙,71417
南沙岛,70983
南海诸岛,71443
西沙,59981
海棠,72101
吉阳,72102
天涯,72103
崖州,72104
长安,70560
藁城,70187
高邑,70188
井陉矿区,71614
晋州,71096
井陉,70199
鹿泉,71228
灵寿,70206
栾城,70210
平山,71562
桥西,71612
深泽,70228
石家庄高新技术产业开发区,72149
石家庄循环化工园区,72150
无极,60095
新乐,60097
行唐,60094
新华,71762
辛集,60034
裕华,71615
元氏,60091
正定,60096
赵县,60093
赞皇,60092
博野,71253
蠡县,61051
清苑,71251
安新,70171
安国,70169
保定高新技术产业开发区,72132
保定白沟新城,72131
定州,60104
定兴,71235
阜平,60098
高碑店,60099
高阳,60102
竞秀,71616
涞水,71250
涞源,70203
莲池,71617
满城,70214
南市,71636
曲阳,70225
容城,60101
顺平,60103
唐县,60525
望都,60105
雄县,60975
雄安,72105
徐水,60519
易县,60100
涿州,60523
沧县,71259
泊头,60521
沧州高新技术产业开发区,72135
沧州渤海新区,72134
东光,61057
河间,60273
河北沧州经济开发区,72139
海兴,70195
黄骅,61056
孟村,61054
南皮,60746
青县,60524
任丘,60520
肃宁,60274
吴桥,61055
献县,61052
新华区,72154
盐山,70236
运河,71629
承德县,60110
承德高新技术产业开发区,72136
丰宁,61053
宽城,71525
滦平,60428
隆化,70208
平泉,60683
双桥,71620
双滦,71621
围场,60109
兴隆,60275
鹰手营子矿,71622
丛台,71632
成安,70174
磁县,70177
大名,70180
复兴,71633
肥乡,70181
峰峰,70182
馆陶,70192
广平,70190
邯山,71631
邯郸冀南新区,72137
邯郸经济技术开发区,72138
鸡泽,70200
临漳,60108
邱县,71099
曲周,60277
涉县,60278
魏县,60974
武安,60106
永年,60107
安平,70170
阜城,70185
故城,70193
衡水滨湖新区,72143
景县,70198
冀州,70935
饶阳,60672
深州,70241
桃城,71630
武邑,61041
武强,70233
枣强,70239
安次,71627
霸州,60112
大厂,70178
大城,70179
固安,70189
广阳,71628
廊坊经济技术开发区,72144
三河,60522
文安,60743
香河,60111
永清,70237
北戴河,71098
北戴河新区,72133
昌黎,70173
抚宁,70186
海港,71634
卢龙,70213
青龙,70223
秦皇岛市经济技术开发区,72147
山海关,71635
曹妃甸,71255
丰南,70183
丰润,70184
古冶,71625
河北唐山海港经济开发区,72141
路北,71624
路南,71623
滦州市,70212
滦南,70211
乐亭,70204
迁安,70220
迁西,70221
唐海,70229
唐山市汉沽管理区,72152
唐山高新技术产业开发区,72151
唐山市芦台经济技术开发区,72153
玉田,70238
遵化,60518
内丘,71260
柏乡,70172
广宗,70191
河北邢台经济开发区,72142
巨鹿,70201
临城,70205
临西,70207
隆尧,70209
南宫,70215
宁晋,70217
内邱,70936
南和,70216
平乡,70219
清河,71586
桥东区,72145
桥西区,72148
任县,71167
沙河,60745
威县,70231
新河,70234
邢台县,72155
赤城,70175
崇礼,70176
沽源,70194
怀安,70196
怀来,70197
康保,70202
桥东,71618
尚义,70227
万全,70230
下花园,71619
宣化,70235
阳原,60647
蔚县,70232
张北,70240
涿鹿,60744
张家口市察北管理区,72156
张家口市塞北管理区,72158
上街,71359
登封,60800
二七,71749
巩义,60451
管城,71750
惠济,71752
金水,71751
新密,60337
荥阳,60453
新郑,60687
中牟,60799
中原,71748
郑州高新技术产业开发区,72184
郑州航空港经济综合实验区,72185
郑州经济技术开发区,72186
安阳高新技术产业开发区,72159
安阳县,72160
北关,71754
滑县,60263
林州,70937
龙安,71756
内黄,60264
汤阴,60262
文峰,71753
殷都,71755
鹤壁经济技术开发区,72166
淇县,60257
淇滨,71787
山城,71786
浚县,60256
博爱,70265
解放,71781
焦作城乡一体化示范区,72168
孟州,60252
马村,71783
沁阳,60802
山阳,60970
武陟,60251
温县,60801
修武,60250
中站,71782
兰考,60255
龙亭,71769
杞县,60979
顺河,71770
通许,60254
尉氏,60253
祥符,71773
禹王台,71772
漯河经济技术开发区,72170
临颍,70276
召陵,71792
舞阳,60270
源汇,71790
郾城,71791
吉利,71361
瀍河,71776
涧西,71777
洛宁,70278
洛阳高新技术产业开发区,72169
洛龙,71778
老城,71774
栾川,70277
孟津,60268
汝阳,60258
嵩县,70293
西工,71775
新安,60267
偃师,60269
宜阳,60266
伊川,60265
邓州,60804
方城,70267
内乡,60981
南召,60983
南阳高新技术产业开发区,72171
南阳市城乡一体化示范区,72172
社旗,60984
唐河,60710
桐柏,60982
宛城,71767
卧龙,71768
西峡,60660
新野,60805
淅川,60806
镇平,60803
范县,70268
华龙,71788
河南濮阳工业园区,72161
南乐,70285
清丰,60272
台前,60809
濮阳经济技术开发区,72175
濮阳县,72176
石龙,71360
宝丰,70264
郏县,70275
鲁山,70280
平顶山高新技术产业开发区,72173
平顶山市新城区,72174
汝州,60608
舞钢,60452
卫东,71763
叶县,60985
湛河,71764
河南商丘经济开发区,72163
梁园,71779
民权,70283
宁陵,70286
睢县,70295
睢阳,71780
夏邑,71168
永城,60259
虞城,60260
豫东综合物流产业聚集区,72183
柘城,60261
陕县,71363
义马,71362
湖滨,71794
河南三门峡经济开发区,72162
灵宝,60807
卢氏,70281
渑池,60808
陕州,71795
长葛,60973
建安区,72167
魏都,71761
襄城,71835
许昌经济技术开发区,72182
鄢陵,60248
禹州,60249
光山,70271
固始,70272
淮滨,70273
潢川,70274
罗山,70279
平桥,71766
商城,60810
浉河,71765
息县,60271
新县,70300
信阳高新技术产业开发区,72181
长垣,70266
封丘,70269
凤泉,71759
获嘉,60447
辉县,60448
红旗,71757
牧野,71760
卫辉,60980
卫滨,71758
新乡高新技术产业开发区,72177
新乡经济技术开发区,72178
新乡县,72180
原阳,60338
延津,60446
川汇,71789
郸城,60629
扶沟,70270
淮阳,60449
河南周口经济开发区,72164
鹿邑,70282
商水,70291
沈丘,70292
太康,70296
项城,60450
西华,70298
泌阳,70284
河南驻马店经济开发区,72165
平舆,70287
确山,70288
汝南,70289
上蔡,61085
遂平,70294
新蔡,70299
西平,70301
驿城,71793
正阳,70302
阿城,70242
宾县,70245
巴彦,60741
道外,71468
道里,71466
方正,60640
呼兰,60424
木兰,60742
南岗,71467
平房,71469
双城,60509
尚志,60426
松北,71470
通河,61045
五常,60727
香坊,71471
依兰,60737
延寿,60736
呼玛,60731
呼中,70251
加格达奇,71171
漠河,60735
松岭区,72189
塔河,60734
新林,70262
杜蒙,71169
杜尔伯特,71241
大庆高新技术产业开发区,72187
红岗,71504
林甸,60732
龙凤,71502
让胡路,71503
萨尔图,71501
肇州,60514
肇源,60728
爱辉,71488
北安,60114
嫩江,60462
孙吴,60740
五大连池,60350
逊克,60115
工农,71515
萝北,60461
绥滨,70259
兴山,70322
向阳区,72190
城子河,71513
滴道,71511
虎林,60223
恒山,71510
鸡东,70253
鸡冠,71509
梨树,60614
密山,60463
麻山,71514
东风,71485
抚远,60733
富锦,70246
桦川,70249
桦南,70250
前进,71484
同江,60423
汤原,60459
向阳,71483
爱民,71481
东宁,60510
东安,70327
海林,60511
林口,60513
穆棱,60726
牡丹江经济技术开发区,72188
宁安,60512
绥芬河,60464
阳明,71480
勃利,71170
茄子河,71508
桃山,71507
昂昂溪,71475
拜泉,70243
富拉尔基,71476
富裕,60738
建华,71473
克东,70255
克山,70256
龙江,60460
龙沙,71472
梅里斯,71478
讷河,60123
碾子山,71477
铁锋,71474
泰来,60515
依安,60739
安达,60425
北林,71487
海伦,60349
兰西,60730
明水,70257
青冈,60729
庆安,70258
绥棱,60427
望奎,60639
肇东,60124
友谊,71242
宝清,70244
宝山,71072
集贤,70254
尖山,71520
岭东,71521
饶河,70991
四方台,71522
翠峦,71492
带岭,71498
红星,71499
嘉荫,70252
金山屯,71495
美溪,71494
南岔,71489
上甘岭,71500
铁力,61067
汤旺河,71497
乌伊岭,70260
五营,70261
乌马河,71496
新青,71493
友好,71490
伊春区,72191
东西湖,71373
蔡甸,60012
黄陂,70313
汉阳,71830
洪山,71833
汉南,71834
江夏,70939
江岸,71827
江汉,71828
硚口,71829
青山,71600
武昌,71831
新洲,60951
巴东,70303
恩施市,72192
鹤峰,60945
建始,60950
来凤,60533
利川,60534
咸丰,60020
宣恩,60532
梁子湖,71375
鄂城,71838
华容,70333
铁山,71378
下陆,71379
西塞山,71380
大冶,60017
黄石港,71841
阳新,60529
团风,71377
黄梅,60531
红安,70312
黄州,71840
罗田,60016
龙感湖管理区,72195
麻城,60530
蕲春,60341
武穴,60343
浠水,60342
英山,60948
掇刀,71384
沙洋,71385
东宝,71849
京山,60018
钟祥,60346
沙市,71381
公安,70309
洪湖,61046
监利,70314
江陵,71173
荆州经济技术开发区,72193
荆州区,72194
石首,60013
松滋,60014
广水,60535
随县,71848
曾都,71847
茅箭,71382
张湾,71383
丹江口,60340
房县,70308
郧西,60348
郧阳,60527
竹山,60528
竹溪,60680
孝昌,71376
安陆,61065
大悟,70307
汉川,60949
孝南,71839
云梦,60344
应城,60345
襄州,71374
保康,70304
樊城,71836
谷城,70311
老河口,70310
南漳,70316
宜城,60015
枣阳,60347
赤壁,60019
崇阳,70306
嘉鱼,70315
通城,70319
通山,70320
咸安,71842
长阳,70305
当阳,60526
点军,71845
三峡,70318
五峰,70321
伍家岗,71844
西陵,71843
猇亭,71846
宜都,60935
远安,60947
夷陵,71174
枝江,60339
秭归,60946
长沙县,71438
望城,71405
芙蓉,71950
开福,71953
浏阳,60388
宁乡,70343
天心,71951
湘江新区,71101
岳麓,71952
雨花,71954
保靖,60883
凤凰,60880
古丈,60878
花垣,60882
湖南吉首经济开发区,72200
湖南永顺经济开发区,72203
吉首,71421
泸溪,60877
龙山,71538
永顺,60881
津市,71407
安乡,60885
常德市西洞庭管理区,72196
鼎城,71967
汉寿,70329
临澧,70340
澧县,70341
石门,70350
桃源,60681
武陵,71966
苏仙,71406
安仁,60563
北湖,71965
桂阳,60560
桂东,61094
嘉禾,60561
临武,60559
汝城,70347
永兴,60556
宜章,60558
资兴,60557
常宁,70324
衡阳县,60688
衡东,70330
衡南,70331
衡山,70332
衡阳综合保税区,72197
湖南衡阳高新技术产业园区,72198
湖南衡阳松木经济开发区,72199
耒阳,60555
南岳,60562
祁东,61023
石鼓,71963
雁峰,71962
珠晖,71961
蒸湘,71964
中方,71409
辰溪,60550
会同,60889
洪江,71175
鹤城,71977
怀化市洪江管理区,72204
靖州,60613
麻阳,60552
通道,60888
新晃,60553
溆浦,60890
沅陵,60551
芷江,60625
冷水江,60884
涟源,60891
娄星,71969
双峰,61027
新化,60618
北塔,71972
城步,61025
洞口,70328
大祥,71971
隆回,70342
邵阳县,60886
绥宁,61095
邵东,70349
双清,71970
武冈,60887
新邵,61024
新宁,61026
湖南湘潭高新技术产业园区,72201
韶山,61022
湘乡,60711
湘潭九华示范区,72206
湘潭县,72207
湘潭昭山示范区,72208
雨湖,71955
岳塘,71956
冷水滩,71410
道县,70326
江华,70334
江永,70335
蓝山,60626
零陵,71978
宁远,70344
祁阳,70346
双牌,70351
新田,70354
永州经济技术开发区,72210
永州市回龙圩管理区,72211
永州市金洞管理区,72212
安化,60624
赫山区,71102
湖南益阳高新技术产业园区,72202
南县,61021
桃江,70352
沅江,60554
益阳市大通湖管理区,72209
君山,71975
临湘,70339
汨罗,60612
平江,70345
湘阴,70353
岳阳楼区,71973
云溪,71974
岳阳市屈原管理区,72213
岳阳县,72214
茶陵,60689
荷塘,71957
渌口区,72205
醴陵,70337
芦淞,71958
石峰,71959
天元,71960
炎陵,60876
攸县,70355
云龙示范区,72215
武陵源,71408
慈利,70325
桑植,70348
二道,71436
长春高新技术产业开发区,72221
长春经济技术开发区,72222
长春汽车经济技术开发区,72224
德惠,60832
九台,60790
绿园,71527
农安,60831
南关,71524
双阳,60829
榆树,60641
抚松,71244
江源,71245
长白,70486
东岗,70488
浑江,71541
靖宇,60682
临江,60359
大安,71994
吉林白城经济开发区,72216
通榆,60794
洮南,60796
洮北,71537
镇赉,60795
昌邑,60213
船营,71530
丰满,71531
桦甸,60358
蛟河,60833
吉林高新技术产业开发区,72217
吉林经济开发区,72218
吉林中国新加坡食品区,72220
龙潭,71529
磐石,60830
舒兰,60642
永吉,60360
东丰,70487
东辽,71243
长岭,60793
扶余,70489
吉林松原经济开发区,72219
宁江,71540
前郭,60364
乾安,60792
公主岭,60432
双辽,60617
铁西,71547
铁东,71555
伊通,60791
东昌,71535
二道江,71536
辉南,60669
集安,60706
柳河,60798
梅河口,60363
通化县,60797
安图,60836
敦化,60362
珲春,60643
和龙,60838
龙井,60835
图们,60837
汪清,71016
延吉,60361
高淳,70442
江宁,70447
江浦,70448
建邺,71798
溧水,70451
六合,70452
浦口,71177
秦淮,71797
栖霞,70626
玄武,71796
雨花台,71801
武进,71371
金坛,60311
溧阳,60312
天宁,71821
新北,71823
钟楼,71822
淮阴区,71370
淮安区,71179
洪泽,70446
淮阴县,71104
淮安经济技术开发区,72226
金湖,71011
涟水,70450
清江浦区,71819
盱眙,70461
东海,70438
赣榆,70441
灌南,70443
灌云,70444
海州,71576
连云港高新技术产业开发区,72227
连云港经济技术开发区,72228
连云区,72229
崇川,71811
港闸,71812
海门,60674
海安,70445
南通经济技术开发区,72230
启东,60673
如皋,60310
如东,60382
宿豫,71372
沭阳,60686
泗洪,70456
泗阳,70457
宿城,71826
宿迁经济技术开发区,72233
吴中,71366
常熟,60038
姑苏,71810
虎丘,71808
昆山,60037
苏州工业园区,72231
太仓,60041
吴江,60036
相城,71809
张家港,60035
高港,71825
海陵,71824
靖江,60042
姜堰,60931
泰兴,60932
兴化,60381
锡山,71364
滨湖,71803
惠山,71802
江阴,60040
梁溪,71804
新吴,71805
宜兴,60039
铜山,71369
丰县,70439
鼓楼区,72225
贾汪,71816
邳州,60675
沛县,70454
泉山,71817
睢宁,70458
新沂,60676
徐州经济技术开发区,72234
云龙,60941
盐都,71368
滨海,70436
东台,60043
大丰,70437
阜宁,70440
建湖,70449
射阳,70455
亭湖,71814
响水,70460
盐城经济技术开发区,72235
邗江,71367
宝应,70435
高邮,60467
广陵,71813
江都,60402
仪征,60466
扬州经济技术开发区,72236
丹徒,71365
丹阳,60308
句容,60307
京口,71806
润州,71807
扬中,60309
镇江新区,72237
安义,70463
东湖,71933
进贤,60904
南昌县,71105
青云谱,71935
青山湖,71937
湾里,71936
新建,60868
西湖,71854
崇仁,70465
广昌,60501
金溪,60858
乐安,60857
黎川,60908
临川,71941
南城,60068
南丰,60069
宜黄,60500
资溪,61036
赣县,71399
安远,70464
崇义,70466
定南,70469
大余,70467
会昌,61035
龙南,60503
南康,60504
宁都,60905
全南,60505
瑞金,60070
上犹,70483
石城,60860
兴国,60906
信丰,60943
寻乌,60859
于都,60506
章贡,71945
柴桑区,72238
德安,70468
都昌,70471
共青城,71939
湖口,70476
濂溪,60862
彭泽,60690
瑞昌,60508
武宁,60864
庐山,60863
修水,60865
浔阳,71938
永修,60507
浮梁,71400
乐平,60855
珠山,71947
吉安县,71398
安福,70462
吉水,60854
井冈山,70478
吉州,71943
宁冈,70480
青原,71944
遂川,60907
泰和,60495
万安,60867
新干,60853
峡江,60933
永丰,60627
永新,60628
安源,71402
芦溪,71403
上栗,71401
湘东,71404
莲花,70479
德兴,60305
广丰,60866
横峰,70475
鄱阳,71013
上饶县,60497
婺源,60498
万年,61038
信州,71940
玉山,60496
余干,60499
弋阳,60856
铅山,70481
分宜,70473
渝水,71948
贵溪,60934
余江,60861
月湖,71949
丰城,60502
奉新,70472
高安,60942
靖安,70477
上高,70482
铜鼓,70484
万载,70485
宜丰,61037
袁州,71942
樟树,60086
大东,71545
东陵,71594
法库,70497
浑南,71542
皇姑,71546
康平,70499
辽中,70500
沈河,71544
苏家屯,71548
沈北新区,71549
新民,60615
于洪,71550
立山,71556
千山,71557
台安,60126
铁西区,72243
岫岩,60828
本溪县,70491
桓仁,60774
明山,71564
南芬,71565
溪湖,71563
北票,70490
朝阳县,72239
建平县,70942
喀喇沁左翼蒙古族自治县,60136
凌源,60134
龙城,71588
双塔,71587
长海,70493
甘井子,71554
金州,60063
旅顺,60131
普兰店,60062
沙河口,71553
瓦房店,60130
西岗,71552
庄河,60129
东港,71695
东沟,71183
凤城,60065
宽甸,60777
元宝,71566
振兴,71567
振安,71568
东洲,71559
抚顺县,72240
清原,70501
顺城,71561
望花,71560
新宾,71234
新抚,71558
章党,70503
阜新蒙古族自治县,72241
清河门,71579
太平,71578
新邱,71577
细河,71580
彰武,60127
建昌,61060
龙港,71592
南票,71593
绥中,61044
兴城,60066
北镇,71184
古塔,71569
黑山,70498
凌海,60064
凌河,71570
义县,60693
弓长岭,71246
白塔,71581
灯塔,70496
宏伟,71583
辽阳县,60977
太子河,71584
文圣,71582
大洼,70495
盘山,70506
双台子,71589
兴隆台,71590
昌图,70494
调兵山,71247
开原,60128
铁岭县,72242
西丰,61061
银州,71585
鲅鱼圈,71574
大石桥,60133
盖州,60775
老边,71575
西市,71573
站前,71572
和林格尔,70385
回民,71596
呼和浩特金海工业园区,72245
呼和浩特经济技术开发区,72246
清水河,60987
赛罕,71107
托克托,60988
土默特左旗,70412
武川,70415
新城,71649
玉泉,71597
察哈尔右前旗,70401
察哈尔右中旗,70402
察哈尔右后旗,70404
丰镇,60991
化德,60684
集宁,71425
凉城,70394
商都,60764
四子王旗,70406
兴和,60990
卓资,70429
阿巴嘎旗,70357
博克图,70365
东乌珠穆沁旗,70370
多伦,70371
二连浩特,60148
苏尼特右旗,70407
苏尼特左旗,70408
太仆寺旗,70434
乌拉盖,70416
镶黄旗,70419
西乌珠穆沁旗,70423
锡林浩特,71426
朱日和,70390
正蓝旗,70426
正镶白旗,70427
巴彦诺日公,71418
阿拉善右旗,70358
阿拉善左旗,71427
巴彦诺尔贡,70943
额济纳旗,70374
拐子湖,70378
吉兰太,70389
孪井滩,71187
内蒙古阿拉善经济开发区,72248
头道湖,70409
乌斯太,71189
锡林高勒,71110
雅布赖,71188
中泉子,70428
白云鄂博,60989
达尔罕茂明安,70945
东河,71598
固阳,70379
九原,71602
昆都仑,71599
满都拉,70395
石拐,71601
土默特右旗,70411
希拉穆仁,70421
敖汉旗,70359
阿鲁科尔沁旗,70360
巴林右旗,70361
八里罕,70362
巴林左旗,70363
宝国吐,70944
岗子,70376
浩尔吐,70383
红山,71607
喀喇沁旗,61058
克什克腾旗,70392
喀喇沁,71435
林西,60146
宁城,60147
松山,71609
翁牛特旗,70414
元宝山,71608
达拉特旗,60976
东胜,71186
鄂托克旗,70399
鄂托克前旗,70400
杭锦旗,70382
河南,71196
康巴什区,72247
乌审旗,70417
乌审召,70418
伊金霍洛旗,70373
准格尔旗,60353
阿荣旗,61069
陈旗,71434
陈巴尔虎旗,70366
额尔古纳,70372
鄂温克旗,70375
鄂伦春旗,70398
根河,60649
海拉尔,60144
满洲里,60143
莫力达瓦旗,70396
图里河,70410
小二沟,70420
新巴尔虎右旗,70422
新巴尔虎左旗,60145
牙克石,60003
扎兰屯,70425
扎赉诺尔,71610
大佘太,70368
磴口,70369
海力素,70380
杭锦后旗,70381
临河,71424
那仁宝力格,70397
五原,60151
乌拉特前旗,60763
乌拉特中旗,61070
乌拉特后旗,70413
巴雅尔吐胡硕,70364
霍林郭勒,71185
科尔沁左后旗,70386
开鲁,70391
库伦旗,70393
科尔沁左中旗,70431
科尔沁,71606
奈曼旗,60352
青龙山,70403
舍伯吐,70405
通辽经济技术开发区,72249
扎鲁特旗,70388
海勃湾,71603
乌达,71605
科尔沁右前旗,71248
阿尔山,61059
高力板,70377
胡尔勒,70387
科尔沁右中旗,60355
索伦,70946
突泉,60335
乌兰浩特,71238
扎赉特旗,60357
贺兰,70507
金凤,71742
灵武,70509
兴庆,71740
西夏,71741
永宁,60320
泾源,60322
隆德,70511
彭阳,71191
西吉,60321
原州,71746
大武口,71743
惠农,70508
平罗,70513
陶乐,70515
红寺堡,71745
利通,71744
青铜峡,60754
同心,70516
盐池,60755
海原,70518
沙坡头,71747
中宁,60753
城东,71723
城西,71725
城北,71726
湟源,70533
湟中,70534
德令哈,71440
都兰,71442
格尔木,71441
冷湖,71195
大柴旦,70521
茫崖,70540
天峻,60691
乌兰,70548
班玛,70519
达日,70522
甘德,70525
玛沁,70529
久治,70537
玛多,70539
平安,52875
化隆,70532
互助,70535
乐都,60324
民和,60325
循化,70551
共和,71111
贵德,70527
贵南,70528
同德,60327
兴海,70550
刚察,71194
海晏,72107
门源,70541
祁连,60326
尖扎,70536
同仁,72106
泽库,70554
称多,71353
囊谦,70542
曲麻莱,70545
玉树市,72250
杂多,70553
治多,70555
长清,70607
钢城,71698
槐荫,71670
济阳,60817
济南高新技术产业开发区,72258
莱芜,54828
历下,71668
历城,71672
平阴,70622
商河,70627
市中,72010
天桥,71671
章丘,60208
博兴,60972
滨城,71692
惠民,70645
无棣,61050
阳信,70638
沾化,60822
邹平,60937
德城,71678
德州经济技术开发区,72251
德州运河经济开发区,72252
临邑,60216
乐陵,60217
陵城,60823
宁津,61083
平原,70623
齐河,70624
庆云,70625
武城,70634
夏津,70635
禹城,70642
东营港经济开发区,72253
东营经济技术开发区,72254
东营区,72255
广饶,60404
河口,71055
垦利,60821
利津,60827
单县,70628
曹县,70606
成武,70610
东明,60671
定陶,70612
菏泽高新技术开发区,72256
菏泽经济技术开发区,72257
巨野,60818
鄄城,60819
牡丹,71691
郓城,60405
嘉祥,60610
金乡,60826
济宁高新技术产业开发区,72259
梁山,60492
曲阜,60668
任城,71685
泗水,61086
微山,70632
汶上,70633
兖州,60659
鱼台,70643
邹城,60936
茌平,70611
东阿,70613
东昌府,71699
高唐,70615
冠县,70616
临清,61087
莘县,71198
阳谷,70637
费县,70614
河东,71454
莒南,70618
兰陵,70605
临沭,70619
兰山,71688
罗庄,71689
临沂高新技术产业开发区,72260
临沂经济技术开发区,72261
临沂临港经济开发区,72262
蒙阴,61049
平邑,70621
郯城,70631
沂南,70640
沂水,70641
城阳,71676
黄岛,60813
即墨,60209
胶州,60670
莱西,60814
崂山,60820
李沧,71675
平度,70620
青岛高新技术产业开发区,72263
市南,71673
市北,71674
莒县,60490
岚山,71696
日照经济技术开发区,72264
五莲,60491
东平,61048
岱岳,71687
肥城,60621
宁阳,60816
泰山,71686
新泰,60221
安丘,70948
昌乐,60212
坊子,71683
高密,60214
寒亭,71682
奎文,71684
临朐,60211
青州,60444
寿光,60493
潍城,71681
潍坊滨海经济技术开发区,72268
诸城,60215
成山头,70609
环翠,71693
乳山,60971
荣成,70949
石岛,70629
文登,60220
威海火炬高技术产业开发区,72265
威海经济技术开发区,72266
威海临港经济技术开发区,72267
长岛,60825
福山,60219
海阳,60812
莱阳,60218
龙口,60488
莱州,60824
莱山,71680
牟平,60489
蓬莱,60445
烟台高新技术产业开发区,72269
烟台经济技术开发区,72270
招远,60021
芝罘,71679
博山,60210
高青,61084
桓台,61047
临淄,60815
沂源,60667
淄川,60244
周村,70644
张店,71677
山亭,71694
市中区,72288
滕州,60222
台儿庄,70630
薛城,70636
峄城,70639
古交,71263
尖草坪区,70950
小店区,71264
晋源,71640
娄烦,70667
清徐,70673
山西转型综合改革示范区,72277
太原古交区,70951
太原南郊,70952
万柏林,71639
杏花岭,71638
阳曲,70695
迎泽,71637
长子,70647
壶关,70657
潞城,60225
黎城,70664
潞州区,72272
平顺,70671
沁县,61063
沁源,70674
山西长治高新技术产业园区,72276
上党区,72278
屯留,70680
武乡,60224
襄垣,60707
灵丘,71266
广灵,60781
浑源,70658
灵邱,70665
南郊,71642
平城区,72273
山西大同经济开发区,72274
天镇,60782
新荣,71643
阳高,60697
云州区,70650
云冈区,72279
左云,70694
和顺,60785
介休,60241
灵石,60242
平遥,70672
祁县,60240
寿阳,70679
太谷,60336
昔阳,70689
榆次,60239
榆社,60784
左权,70693
高平,60696
陵川,60227
沁水,60226
阳城,60228
泽州,71268
安泽,70646
大宁,70649
浮山,70654
汾西,70653
古县,70655
霍州,60229
洪洞,70656
侯马,60708
吉县,70662
蒲县,71036
曲沃,60709
乡宁,60780
隰县,60779
襄汾,60694
翼城,60778
永和,70690
尧都,71645
汾阳,60233
方山,70652
交城,60620
交口,70660
离石,60231
岚县,60232
柳林,60648
临县,60783
石楼,70678
文水,60619
孝义,60230
兴县,70687
中阳,60234
怀仁,60243
平鲁,70669
山阴,70676
朔城,71647
山西朔州经济开发区,72275
应县,60695
右玉,70691
保德,60789
代县,70648
定襄,70651
繁峙,60788
河曲,60685
静乐,70661
岢岚,70663
宁武,61068
偏关,61062
神池,70677
五台山,70683
五寨,70685
五台县,70953
忻府,71648
原平,60067
矿区,71641
平定,70668
盂县,60237
河津,60236
稷山,61064
绛县,70659
临猗,70666
平陆,70670
芮城,70675
万荣,70681
闻喜,70682
夏县,70686
新绛,70688
永济,60235
垣曲,70692
盐湖,71646
碑林,71650
灞桥,71652
高陵,70573
鄠邑区,70580
蓝田,60549
临潼,70584
莲湖,71651
未央,71653
雁塔,71654
阎良,71655
周至,60957
白河,60961
汉阴,60962
汉滨,71661
岚皋,60966
宁陕,60965
平利,70588
石泉,60964
旬阳,60960
紫阳,60331
镇坪,60963
陈仓,71225
扶风,60541
凤翔,60543
凤县,60968
金台,71664
陇县,60956
麟游,70585
眉县,60386
岐山,60387
千阳,70591
太白,60542
渭滨,71663
城固,70562
佛坪,70568
汉台,71662
略阳,60544
留坝,60547
勉县,60329
南郑,60385
宁强,60546
西乡,60384
洋县,60328
镇巴,60545
商州,71273
丹凤,70565
洛南,60969
商南,60548
柞水,60967
镇安,70603
耀州,71275
王益,71665
耀县,70600
宜君,70602
印台,71666
白水,70558
澄城,70566
大荔,70564
富平,70570
韩城,60330
华阴,60383
合阳,70575
华县,70579
华州,71660
临渭,71659
蒲城,70589
潼关,70596
彬州市,70559
长武,70561
淳化,70563
泾阳,70583
礼泉,70586
乾县,70590
秦都,71656
三原,70593
武功,60679
渭城,71657
兴平,60539
旬邑,60958
永寿,60540
杨陵,71667
吴起,71269
安塞,70557
宝塔,71658
富县,70571
甘泉,70572
黄陵,70576
黄龙,70577
洛川,71030
吴旗,70598
延川,60538
延长,70599
宜川,70601
志丹,60536
子长,60537
定边,70567
府谷,70569
横山,70574
佳县,70581
靖边,70582
米脂,70587
清涧,70592
神木,70594
绥德,70595
吴堡,70597
榆阳,71270
子洲,70604
上海,58362
崇明,60005
长宁,70703
奉贤,60298
黄浦,71447
虹口,71451
静安,71449
金山,60006
嘉定,60010
闵行,60008
南汇,60299
浦东,71146
普陀,60394
青浦,60007
松江,60009
徐汇,71147
杨浦,71452
青白江,71439
成华,71989
崇州,60910
大邑,60911
都江堰,60407
金堂,60720
金牛,71987
简阳,60919
锦江,71985
龙泉驿,60704
蒲江,61066
郫都,60724
彭州,60930
青羊,71986
邛崃,61019
双流,60029
温江,60909
武侯,71988
新都,60912
新津,60616
阿坝县,72282
黑水,70718
红原,70720
九寨沟,60925
理县,61090
马尔康,60722
茂县,60923
壤塘,70741
若尔盖,70745
松潘,60721
汶川,60924
小金,70752
巴中经济开发区,72283
恩阳,72006
南江,60921
平昌,60922
通江,60027
广汉,60026
旌阳,72017
罗江,71204
绵竹,60412
什邡,60028
中江,60564
达川,71249
大竹,60915
达州经济开发区,72284
开江,60913
渠县,60916
通川,71206
万源,60565
宣汉,60914
广安区,72286
华蓥,71205
邻水,60420
前锋,72004
武胜,60418
岳池,60419
白玉,70698
巴塘,70700
得荣,70710
德格,70709
道孚,70707
丹巴,70704
稻城,70706
甘孜县,72285
九龙,71291
康定,60422
泸定,60723
理塘,70730
炉霍,70732
色达,70746
石渠,70749
新龙,60718
乡城,70751
雅江,70754
苍溪,70702
朝天,72020
剑阁,60421
利州,72018
青川,60918
旺苍,60719
昭化,72019
古蔺,70716
合江,60570
江阳,72007
泸县,71038
龙马潭,72008
纳溪,71203
叙永,60929
峨边,70711
峨眉山市,70712
夹江,70723
井研,70725
金口河,72014
马边,60413
沐川,60414
犍为,60415
沙湾,70831
五通桥,72013
布拖,71209
德昌,70708
甘洛,61092
会东,70721
会理,70722
金阳,70726
雷波,70728
美姑,70734
冕宁,60928
木里,70737
宁南,61091
普格,70740
喜德,70753
西昌,71208
盐源,70755
越西,70757
昭觉,70758
丹棱,70705
东坡,72015
洪雅,70719
彭山,60917
青神,61089
仁寿,60566
安县,70697
安州,72021
北川,70701
涪城,71996
江油,60410
平武,60411
三台,60406
盐亭,60409
游仙,71997
梓潼,60408
高坪,71999
嘉陵,72000
阆中,60568
南部,60926
蓬安,60572
顺庆,71998
西充,60417
营山,60567
仪陇,60571
隆昌,70731
内江经济开发区,72287
威远,60416
资中,60365
东区,71990
米易,70736
仁和,70742
西区,71991
盐边,61018
安居,72002
船山,72001
大英,72003
蓬溪,60920
射洪,70747
翠屏,72009
高县,60569
珙县,70715
江安,61020
筠连,70727
南溪,70738
屏山,70739
兴文,60927
叙州区,70756
宝兴,70699
汉源,70717
芦山,70733
名山,70735
石棉,70748
天全,70750
荥经,70743
雨城,72016
富顺,70714
贡井,71993
荣县,70744
沿滩,71995
自流井,71992
安岳,61088
乐至,70729
雁江,72011
高雄,59554
屏东,71301
花莲,71305
嘉义,71298
苗栗,71302
南投,71304
台北,71294
桃园,71295
新竹,71296
宜兰,71297
台南,71299
台东,71300
云林,71306
彰化,71303
台中,71082
天津,54527
宝坻,60516
北辰,71074
滨海新区,71077
东丽,60140
红桥,71458
河北,71457
河西,71455
津南,71076
静海,60712
蓟州,60139
宁河,60517
南开,71456
武清,60138
西青,71073
堆龙德庆,71308
达孜,71310
林周,71307
墨竹工卡,71311
曲水,71309
当雄,70764
达孜工业园区,72289
格尔木藏青工业园区,72290
拉萨经济技术开发区,72291
尼木,70777
西藏文化旅游创意园区,72293
措勤,71350
噶尔,71347
革吉,71349
日土,71348
札达,71346
改则,70958
普兰,71211
狮泉河,70782
边坝,71335
八宿,71337
察雅,71339
贡觉,71340
江达,71338
类乌齐,71336
丁青,70765
卡若,71721
洛隆,70790
芒康,70789
左贡,70787
工布江达,71332
朗县,71333
墨脱,71334
波密,70763
巴宜,71720
察隅,70785
米林,71045
巴青,71343
比如,71344
尼玛,71341
聂荣,71342
双湖,71345
安多,70760
班戈,70761
嘉黎,70769
索县,70783
申扎,70784
色尼区,72292
昂仁,71315
白朗,71320
定结,71316
岗巴,71319
吉隆,71314
康马,71322
仁布,71323
萨嘎,71313
萨迦,71317
谢通门,71318
亚东,71321
仲巴,71312
定日,70766
江孜,70768
拉孜,70770
聂拉木,70776
南木林,70775
帕里,70778
桑珠孜,71719
措美,71329
贡嘎,71324
洛扎,71328
乃东,71326
琼结,71330
曲松,71331
桑日,71327
扎囊,71325
错那,71044
加查,70767
隆子,70771
浪卡子,70773
泽当,71210
香港,45007
新界,71079
巴仑台,70795
白杨沟,71212
达坂城,71120
米东,71705
沙依巴克,71701
水磨沟,71703
天池,70834
天山,71700
头屯河,71704
乌市牧试站,71121
乌鲁木齐县,71718
乌鲁木齐经济技术开发区,72303
小渠子,71119
新市,71702
巴音布鲁克,70797
博湖,71214
和静,70805
和硕,70808
库尔勒,71419
库尔勒经济技术开发区,72301
轮台,60897
且末,70827
若羌,70830
铁干里克,70835
塔中,71213
焉耆,60896
尉犁,71050
阿合奇,70791
阿克陶,70792
阿图什,71428
乌恰,70838
阿勒泰市,72295
布尔津,70799
福海,70802
富蕴,70803
哈巴河,61077
吉木乃,70810
青河,70828
阿瓦提,61072
阿克苏市,72294
拜城,70794
库车,61071
柯坪,70812
沙雅,61073
温宿,70837
乌什,70839
新和,70840
阿拉山口,70793
博乐,71429
精河,60611
温泉,60692
昌吉市,72296
阜康,60638
呼图壁,60894
吉木萨尔,70811
玛纳斯,60811
米泉,60893
木垒,70821
奇台,70829
策勒,70800
和田市,72297
和田县,72298
洛浦,70815
民丰,70818
墨玉,70820
皮山,60898
于田,60281
巴里坤,70796
伊吾,70844
伊州,71711
白碱滩,71279
乌尔禾,71277
独山子,71706
克拉玛依区,72300
疏附,71282
疏勒,71283
巴楚,70817
伽师,70824
喀什市,72299
麦盖提,70816
莎车,70841
塔什库尔干,70849
叶城,70813
英吉沙,70842
岳普湖,70846
泽普,70826
莫索湾,70819
炮台,70825
高昌,71707
鄯善,60895
托克逊,70836
额敏,70801
和布克赛尔,70806
托里,60892
塔城市,72302
乌苏,60280
裕民,70845
蔡家湖,71048
伊宁,51431
察布查尔,61075
巩留,70804
霍城,61074
霍尔果斯,70809
奎屯,71233
尼勒克,70822
特克斯,70833
新源,61076
伊宁县,70843
昭苏,70847
呈贡,70852
东川,70856
富民,70859
官渡,72054
晋宁,70872
禄劝,61016
盘龙,72053
嵩明,61004
石林,70960
太华山,71063
寻甸,70897
西山,72055
宜良,61003
德钦,60843
维西,71065
香格里拉,71432
中甸,71216
景洪,71433
勐海,61006
勐腊,70959
昌宁,61010
龙陵,61009
隆阳,72057
施甸,61007
腾冲,61008
楚雄市,72305
大姚,70855
禄丰,60845
牟定,61015
南华,60851
双柏,70889
武定,61011
姚安,70899
永仁,70901
元谋,70904
宾川,70850
大理市,72306
洱源,70857
鹤庆,70864
剑川,60939
弥渡,60844
南涧,70885
巍山,71125
祥云,61005
永平,60940
漾濞,70961
芒市,71219
梁河,70874
陇川,70875
瑞丽,60852
盈江,60841
个旧,60454
红河县,72307
建水,70869
开远,60456
泸西,60155
绿春,70876
蒙自,60152
弥勒,60842
屏边,60154
石屏,60455
元阳,70905
古城,72061
华坪,71056
宁蒗,70886
永胜,70902
玉龙,72062
沧源,70851
凤庆,60157
耿马,70861
临翔,72060
双江,70890
永德,60156
云县,60938
镇康,70906
福贡,61013
贡山,71220
兰坪,70873
六库,70909
泸水,71221
景东,70870
景谷,70871
澜沧,60457
孟连,70883
墨江,70884
宁洱,71217
思茅,56964
西盟,70895
镇沅,71218
富源,70860
会泽,70866
陆良,70878
罗平,70879
马龙,70882
麒麟,72056
师宗,60850
宣威,60847
沾益,60849
丘北,71287
富宁,60458
广南,70863
马关,70880
麻栗坡,70881
邱北,71123
文山市,72308
西畴,70894
砚山,61012
澄江,70853
峨山,70858
华宁,70865
红塔,72058
江川,70868
通海,70892
新平,70896
易门,61014
元江,70903
水富,71288
大关,71122
鲁甸,70877
巧家,70888
绥江,70891
威信,70893
盐津,70898
彝良,70900
永善,71067
镇雄,60846
昭阳,72059
滨江,71855
淳安,70914
富阳,60658
拱墅,71853
建德,60176
江干,71852
临安,60875
上城,71850
桐庐,60195
萧山,60175
下城,71851
余杭,71230
安吉,70910
长兴,70913
德清,70917
南浔,71857
吴兴,71856
海宁,60119
海盐,60121
嘉善,60194
南湖,71858
平湖,60160
桐乡,60120
秀洲,71859
东阳,60181
金东,71868
兰溪,60184
浦江,60196
磐安,71232
武义,60183
婺城,71867
义乌,60116
永康,60182
景宁,71239
松阳,71391
缙云,70921
龙泉,60188
莲都,71866
青田,60187
庆元,60190
遂昌,60191
云和,60189
鄞州,71386
镇海,71387
北仑,71222
慈溪,60192
奉化,70919
海曙,71860
江东,71861
江北,71461
宁海,60391
余姚,60177
衢江,71392
常山,70912
江山,60300
开化,70922
柯城,71869
龙游,70924
柯桥,71437
嵊州,60118
上虞,60646
新昌,60185
越城区,72310
诸暨,60186
黄岩,71389
椒江,71388
路桥,71390
洪家,70920
临海,71224
三门,60395
天台,60159
温岭,60117
仙居,60393
玉环,60158
苍南,71229
洞头,70918
鹿城,71863
龙湾,71864
瓯海,71865
平阳,70925
瑞安,60193
泰顺,70927
文成,70929
温州经济技术开发区,72309
永嘉,60179
乐清,60180
岱山,70916
定海,71223
嵊泗,60389
重庆,57516
璧山,60436
北碚,60293
巴南,70964
长寿,60290
城口,60438
大渡口,71460
垫江,60874
大足,60437
丰都,60440
奉节,60441
涪陵,60279
合川,60433
江津,60294
九龙坡,71463
开州,71465
开县,60435
梁平,60283
南川,60000
南岸,71464
彭水,60978
綦江,60291
黔江,60286
荣昌,60296
沙坪坝,71462
石柱,60443
铜梁,60434
潼南,60292
巫山,60439
武隆,60285
万州,70965
万盛,60289
巫溪,60442
秀山,60287
酉阳,60288
渝北,70966
渝中,71459
云阳,60295
永川,60297
忠县,60284
